{"flutter":{"platforms":{"android":{"default":{"projectId":"farmpal-firebase","appId":"1:196849681714:android:528ac41f1d96e4af70c32b","fileOutput":"android/app/google-services.json"}},"dart":{"lib/firebase_options.dart":{"projectId":"farmpal-firebase","configurations":{"android":"1:196849681714:android:528ac41f1d96e4af70c32b","ios":"1:196849681714:ios:f155a952df05a9e270c32b","macos":"1:196849681714:ios:f155a952df05a9e270c32b","web":"1:196849681714:web:52e471dfc141279470c32b","windows":"1:196849681714:web:5d9c7ab087b33cf370c32b"}}}}}}