{
  "project_info": {
    "project_number": "196849681714",
    "project_id": "farmpal-firebase",
    "storage_bucket": "farmpal-firebase.appspot.com"
  },
  "client": [
    {
      "client_info": {
        "mobilesdk_app_id": "1:196849681714:android:528ac41f1d96e4af70c32b",
        "android_client_info": {
          "package_name": "com.example.entry"
        }
      },
      "oauth_client": [
        {
          "client_id": "196849681714-ojrhj12tdl8fss5075c7q9djl80b04cs.apps.googleusercontent.com",
          "client_type": 1,
          "android_info": {
            "package_name": "com.example.entry",
            "certificate_hash": "bc354754ab36d5f1c40672f42f6f0134bb673a7d"
          }
        },
        {
          "client_id": "196849681714-a3vsifudq5skg8u11rgc4rnqohicmgk2.apps.googleusercontent.com",
          "client_type": 3
        }
      ],
      "api_key": [
        {
          "current_key": "AIzaSyBScSCnTjVPEGTRozA30DcBXzvKehV4WgE"
        }
      ],
      "services": {
        "appinvite_service": {
          "other_platform_oauth_client": [
            {
              "client_id": "196849681714-a3vsifudq5skg8u11rgc4rnqohicmgk2.apps.googleusercontent.com",
              "client_type": 3
            },
            {
              "client_id": "196849681714-q3nlmmqn7aocbt3e4etooo8j1os9q82p.apps.googleusercontent.com",
              "client_type": 2,
              "ios_info": {
                "bundle_id": "com.example.entry"
              }
            }
          ]
        }
      }
    }
  ],
  "configuration_version": "1"
}